benchmark,avg_dynamic_power,avg_static_power,FF,LUT,worst_negative_slack,num_cycles,num_instructions_retired,datamem_wait_cycles,fetch_wait_cycles,num_load_instructions,num_store_instructions,num_jump_instructions,num_conditional_branch_instructions,num_taken_conditional_branch_instructions,num_compressed_instructions,mult_wait_cycles,divd_wait_cycles,temperature,ht_type,ht_triggered,ht_type_with_trigger
median,0.05,0.263,1476,2298,9.771,13945,7395,2401,2148,1995,406,664,2080,1337,3955,0,0,10523,ht-free,True,ht-free
median,0.01,0.255,1476,2322,9.771,5368,2648,2105,307,900,666,3,336,303,1421,0,0,10506,mitm,True,mitm_triggered
median,0.04,0.262,1476,2322,8.222,13932,7287,1605,2494,1199,406,664,1482,940,4840,0,0,10489,fetch,True,fetch_triggered
median,0.05,0.263,1476,2310,4.132,13945,7395,2401,2148,1995,406,664,2080,1337,3955,0,0,10529,critical,True,critical_triggered
median,0.03,0.259,1477,2302,10.763,13945,7395,2401,2148,1995,406,664,2080,1337,3955,0,0,10485,clk_mod,True,clk_mod_triggered
tower,0.04,0.262,1476,2298,9.771,16199,9648,4864,454,2399,2378,912,307,161,8355,0,0,10500,ht-free,True,ht-free
tower,0.02,0.255,1476,2322,9.771,5368,2648,2105,307,900,666,3,336,303,1421,0,0,10506,mitm,True,mitm_triggered
tower,0.03,0.258,1476,2322,8.222,16199,8129,138,3696,32,85,25,30,27,8017,0,0,10467,fetch,True,fetch_triggered
tower,0.04,0.262,1476,2310,4.132,16199,9648,4864,454,2399,2378,912,307,161,8355,0,0,10507,critical,True,critical_triggered
tower,0.03,0.258,1477,2302,10.763,16199,9648,4864,454,2399,2378,912,307,161,8355,0,0,10485,clk_mod,True,clk_mod_triggered
sort,0.04,0.262,1476,2298,9.771,8281,3570,1177,2356,0,1177,1,1178,1177,1207,0,0,10585,ht-free,True,ht-free
sort,0.03,0.258,1476,2322,9.771,5368,2648,2105,307,900,666,3,336,303,1421,0,0,10506,mitm,True,mitm_triggered
sort,0.04,0.262,1476,2322,8.222,8270,3564,1176,2354,0,1176,1,1176,1175,1205,0,0,10541,fetch,True,fetch_triggered
sort,0.04,0.262,1476,2310,4.132,8281,3570,1177,2356,0,1177,1,1178,1177,1207,0,0,10570,critical,True,critical_triggered
sort,0.03,0.258,1477,2302,10.763,8281,3570,1177,2356,0,1177,1,1178,1177,1207,0,0,10523,clk_mod,True,clk_mod_triggered
coremark,0.05,0.264,1476,2298,9.771,666666,406319,96957,61456,72504,24029,32208,81060,47659,246417,18988,3060,10524,ht-free,True,ht-free
coremark,0.01,0.252,1476,2322,9.771,5368,2648,2105,307,900,666,3,336,303,1421,18988,3060,10506,mitm,True,mitm_triggered
coremark,0.01,0.252,1476,2322,8.222,666666,4344,661543,234,715,834,319,328,116,2555,2,108,10520,fetch,True,fetch_triggered
coremark,0.05,0.264,1476,2310,4.132,666666,406319,96957,61456,72504,24029,32208,81060,47659,246417,18988,3060,10520,critical,True,critical_triggered
coremark,0.03,0.259,1477,2302,10.763,666666,406319,96957,61456,72504,24029,32208,81060,47659,246417,18988,3060,10428,clk_mod,True,clk_mod_triggered
multiply,0.05,0.263,1476,2298,9.771,34482,21570,515,6175,405,110,204,6656,6018,17578,0,0,10527,ht-free,True,ht-free
multiply,0.01,0.253,1476,2322,9.771,5368,2648,2105,307,900,666,3,336,303,1421,0,0,10506,mitm,True,mitm_triggered
multiply,0.03,0.259,1476,2322,8.222,34466,21535,319,6258,209,110,203,6507,5919,17792,0,0,10519,fetch,True,fetch_triggered
multiply,0.05,0.264,1476,2310,4.132,34482,21570,515,6175,405,110,204,6656,6018,17578,0,0,10526,critical,True,critical_triggered
multiply,0.03,0.258,1477,2302,10.763,34482,21570,515,6175,405,110,204,6656,6018,17578,0,0,10473,clk_mod,True,clk_mod_triggered
median,0.05,0.263,1476,2298,9.66,13945,7395,2401,2148,1995,406,664,2080,1337,3955,0,0,10523,ht-free,True,ht-free
median,0.01,0.252,1476,2325,9.66,5368,2648,2105,307,900,666,3,336,303,1421,0,0,10506,mitm,True,mitm_triggered
median,0.04,0.262,1476,2325,8.799,13932,7287,1605,2494,1199,406,664,1482,940,4840,0,0,10489,fetch,True,fetch_triggered
median,0.05,0.263,1476,2314,6.775,13945,7395,2401,2148,1995,406,664,2080,1337,3955,0,0,10529,critical,True,critical_triggered
median,0.03,0.259,1477,2299,9.018,13945,7395,2401,2148,1995,406,664,2080,1337,3955,0,0,10485,clk_mod,True,clk_mod_triggered
tower,0.04,0.262,1476,2298,9.66,16199,9648,4864,454,2399,2378,912,307,161,8355,0,0,10500,ht-free,True,ht-free
tower,0.01,0.252,1476,2325,9.66,5368,2648,2105,307,900,666,3,336,303,1421,0,0,10506,mitm,True,mitm_triggered
tower,0.03,0.258,1476,2325,8.799,16199,8129,138,3696,32,85,25,30,27,8017,0,0,10467,fetch,True,fetch_triggered
tower,0.04,0.262,1476,2314,6.775,16199,9648,4864,454,2399,2378,912,307,161,8355,0,0,10507,critical,True,critical_triggered
tower,0.03,0.258,1477,2299,9.018,16199,9648,4864,454,2399,2378,912,307,161,8355,0,0,10485,clk_mod,True,clk_mod_triggered
sort,0.04,0.262,1476,2298,9.66,8281,3570,1177,2356,0,1177,1,1178,1177,1207,0,0,10585,ht-free,True,ht-free
sort,0.01,0.252,1476,2325,9.66,5368,2648,2105,307,900,666,3,336,303,1421,0,0,10506,mitm,True,mitm_triggered
sort,0.04,0.262,1476,2325,8.799,8270,3564,1176,2354,0,1176,1,1176,1175,1205,0,0,10541,fetch,True,fetch_triggered
sort,0.04,0.262,1476,2314,6.775,8281,3570,1177,2356,0,1177,1,1178,1177,1207,0,0,10570,critical,True,critical_triggered
sort,0.03,0.259,1477,2299,9.018,8281,3570,1177,2356,0,1177,1,1178,1177,1207,0,0,10523,clk_mod,True,clk_mod_triggered
coremark,0.05,0.264,1476,2298,9.66,666666,406319,96957,61456,72504,24029,32208,81060,47659,246417,18988,3060,10524,ht-free,True,ht-free
coremark,0.01,0.252,1476,2325,9.66,5368,2648,2105,307,900,666,3,336,303,1421,18988,3060,10506,mitm,True,mitm_triggered
coremark,0.01,0.252,1476,2325,8.799,666666,4344,661543,234,715,834,319,328,116,2555,2,108,10520,fetch,True,fetch_triggered
coremark,0.05,0.264,1476,2314,6.775,666666,406319,96957,61456,72504,24029,32208,81060,47659,246417,18988,3060,10520,critical,True,critical_triggered
coremark,0.03,0.259,1477,2299,9.018,666666,406319,96957,61456,72504,24029,32208,81060,47659,246417,18988,3060,10428,clk_mod,True,clk_mod_triggered
multiply,0.05,0.263,1476,2298,9.66,34482,21570,515,6175,405,110,204,6656,6018,17578,0,0,10527,ht-free,True,ht-free
multiply,0.01,0.252,1476,2325,9.66,5368,2648,2105,307,900,666,3,336,303,1421,0,0,10506,mitm,True,mitm_triggered
multiply,0.05,0.263,1476,2325,8.799,34466,21535,319,6258,209,110,203,6507,5919,17792,0,0,10519,fetch,True,fetch_triggered
multiply,0.05,0.263,1476,2314,6.775,34482,21570,515,6175,405,110,204,6656,6018,17578,0,0,10526,critical,True,critical_triggered
multiply,0.03,0.259,1477,2299,9.018,34482,21570,515,6175,405,110,204,6656,6018,17578,0,0,10473,clk_mod,True,clk_mod_triggered
median,0.05,0.263,1476,2304,8.007,13945,7395,2401,2148,1995,406,664,2080,1337,3955,0,0,10523,ht-free,True,ht-free
median,0.02,0.255,1476,2327,8.007,5368,2648,2105,307,900,666,3,336,303,1421,0,0,10506,mitm,True,mitm_triggered
median,0.04,0.262,1476,2327,6.75,13932,7287,1605,2494,1199,406,664,1482,940,4840,0,0,10489,fetch,True,fetch_triggered
median,0.05,0.263,1479,2301,6.31,13945,7395,2401,2148,1995,406,664,2080,1337,3955,0,0,10529,critical,True,critical_triggered
median,0.03,0.259,1477,2304,7.897,13945,7395,2401,2148,1995,406,664,2080,1337,3955,0,0,10485,clk_mod,True,clk_mod_triggered
tower,0.04,0.262,1476,2304,8.007,16199,9648,4864,454,2399,2378,912,307,161,8355,0,0,10500,ht-free,True,ht-free
tower,0.02,0.255,1476,2327,8.007,5368,2648,2105,307,900,666,3,336,303,1421,0,0,10506,mitm,True,mitm_triggered
tower,0.03,0.259,1476,2327,6.75,16199,8129,138,3696,32,85,25,30,27,8017,0,0,10467,fetch,True,fetch_triggered
tower,0.04,0.262,1479,2301,6.31,16199,9648,4864,454,2399,2378,912,307,161,8355,0,0,10507,critical,True,critical_triggered
tower,0.03,0.258,1477,2304,7.897,16199,9648,4864,454,2399,2378,912,307,161,8355,0,0,10485,clk_mod,True,clk_mod_triggered
sort,0.04,0.262,1476,2304,8.007,8281,3570,1177,2356,0,1177,1,1178,1177,1207,0,0,10585,ht-free,True,ht-free
sort,0.01,0.252,1476,2327,8.007,5368,2648,2105,307,900,666,3,336,303,1421,0,0,10506,mitm,True,mitm_triggered
sort,0.04,0.262,1476,2327,6.75,8270,3564,1176,2354,0,1176,1,1176,1175,1205,0,0,10541,fetch,True,fetch_triggered
sort,0.04,0.262,1479,2301,6.31,8281,3570,1177,2356,0,1177,1,1178,1177,1207,0,0,10570,critical,True,critical_triggered
sort,0.03,0.258,1477,2304,7.897,8281,3570,1177,2356,0,1177,1,1178,1177,1207,0,0,10523,clk_mod,True,clk_mod_triggered
coremark,0.05,0.264,1476,2304,8.007,666666,406319,96957,61456,72504,24029,32208,81060,47659,246417,18988,3060,10524,ht-free,True,ht-free
coremark,0.01,0.252,1476,2327,8.007,5368,2648,2105,307,900,666,3,336,303,1421,18988,3060,10506,mitm,True,mitm_triggered
coremark,0.01,0.252,1476,2327,6.75,666666,4344,661543,234,715,834,319,328,116,2555,2,108,10520,fetch,True,fetch_triggered
coremark,0.05,0.264,1479,2301,6.31,666666,406319,96957,61456,72504,24029,32208,81060,47659,246417,18988,3060,10520,critical,True,critical_triggered
coremark,0.03,0.259,1477,2304,7.897,666666,406319,96957,61456,72504,24029,32208,81060,47659,246417,18988,3060,10428,clk_mod,True,clk_mod_triggered
multiply,0.05,0.263,1476,2304,8.007,34482,21570,515,6175,405,110,204,6656,6018,17578,0,0,10527,ht-free,True,ht-free
multiply,0.01,0.253,1476,2327,8.007,5368,2648,2105,307,900,666,3,336,303,1421,0,0,10506,mitm,True,mitm_triggered
multiply,0.05,0.264,1476,2327,6.75,34466,21535,319,6258,209,110,203,6507,5919,17792,0,0,10519,fetch,True,fetch_triggered
multiply,0.05,0.263,1479,2301,6.31,34482,21570,515,6175,405,110,204,6656,6018,17578,0,0,10526,critical,True,critical_triggered
multiply,0.03,0.259,1477,2304,7.897,34482,21570,515,6175,405,110,204,6656,6018,17578,0,0,10473,clk_mod,True,clk_mod_triggered
median,0.05,0.263,1477,2652,8.666,13945,7395,2401,2148,1995,406,664,2080,1337,3955,0,0,10523,ht-free,True,ht-free
median,0.02,0.256,1477,2665,8.67,5368,2648,2105,307,900,666,3,336,303,1421,0,0,10506,mitm,True,mitm_triggered
median,0.04,0.262,1477,2665,9.537,13932,7287,1605,2494,1199,406,664,1482,940,4840,0,0,10489,fetch,True,fetch_triggered
median,0.05,0.263,1477,2666,7.469,13945,7395,2401,2148,1995,406,664,2080,1337,3955,0,0,10529,critical,True,critical_triggered
median,0.03,0.259,1478,2652,8.954,13945,7395,2401,2148,1995,406,664,2080,1337,3955,0,0,10485,clk_mod,True,clk_mod_triggered
tower,0.05,0.263,1477,2652,8.666,16199,9648,4864,454,2399,2378,912,307,161,8355,0,0,10500,ht-free,True,ht-free
tower,0.02,0.256,1477,2665,8.67,5368,2648,2105,307,900,666,3,336,303,1421,0,0,10506,mitm,True,mitm_triggered
tower,0.02,0.256,1477,2665,9.537,16199,8129,138,3696,32,85,25,30,27,8017,0,0,10467,fetch,True,fetch_triggered
tower,0.04,0.262,1477,2666,7.469,16199,9648,4864,454,2399,2378,912,307,161,8355,0,0,10507,critical,True,critical_triggered
tower,0.03,0.258,1478,2652,8.954,16199,9648,4864,454,2399,2378,912,307,161,8355,0,0,10485,clk_mod,True,clk_mod_triggered
sort,0.05,0.263,1477,2652,8.666,8281,3570,1177,2356,0,1177,1,1178,1177,1207,0,0,10585,ht-free,True,ht-free
sort,0.03,0.259,1477,2665,8.67,5368,2648,2105,307,900,666,3,336,303,1421,0,0,10506,mitm,True,mitm_triggered
sort,0.04,0.261,1477,2665,9.537,8270,3564,1176,2354,0,1176,1,1176,1175,1205,0,0,10541,fetch,True,fetch_triggered
sort,0.05,0.264,1477,2666,7.469,8281,3570,1177,2356,0,1177,1,1178,1177,1207,0,0,10570,critical,True,critical_triggered
sort,0.03,0.258,1478,2652,8.954,8281,3570,1177,2356,0,1177,1,1178,1177,1207,0,0,10523,clk_mod,True,clk_mod_triggered
coremark,0.05,0.264,1477,2652,8.666,666666,406319,96957,61456,72504,24029,32208,81060,47659,246417,18988,3060,10524,ht-free,True,ht-free
coremark,0.01,0.252,1477,2665,8.67,5368,2648,2105,307,900,666,3,336,303,1421,18988,3060,10506,mitm,True,mitm_triggered
coremark,0.01,0.252,1477,2665,9.537,666666,4344,661543,234,715,834,319,328,116,2555,2,108,10520,fetch,True,fetch_triggered
coremark,0.03,0.264,1477,2666,7.469,666666,406319,96957,61456,72504,24029,32208,81060,47659,246417,18988,3060,10520,critical,True,critical_triggered
coremark,0.03,0.259,1478,2652,8.954,666666,406319,96957,61456,72504,24029,32208,81060,47659,246417,18988,3060,10428,clk_mod,True,clk_mod_triggered
multiply,0.04,0.263,1477,2652,8.666,34482,21570,515,6175,405,110,204,6656,6018,17578,0,0,10527,ht-free,True,ht-free
multiply,0.01,0.254,1477,2665,8.67,5368,2648,2105,307,900,666,3,336,303,1421,0,0,10506,mitm,True,mitm_triggered
multiply,0.01,0.254,1477,2665,9.537,34466,21535,319,6258,209,110,203,6507,5919,17792,0,0,10519,fetch,True,fetch_triggered
multiply,0.05,0.263,1477,2666,7.469,34482,21570,515,6175,405,110,204,6656,6018,17578,0,0,10526,critical,True,critical_triggered
multiply,0.03,0.258,1478,2652,8.954,34482,21570,515,6175,405,110,204,6656,6018,17578,0,0,10473,clk_mod,True,clk_mod_triggered
median,0.05,0.263,1476,2298,9.771,13945,7395,2401,2148,1995,406,664,2080,1337,3955,0,0,10523,ht-free,False,ht-free
median,0.05,0.263,1476,2322,9.771,13945,7395,2401,2148,1995,406,664,2080,1337,3955,0,0,10523,mitm,False,mitm_non-triggered
median,0.05,0.263,1476,2322,8.222,13945,7395,2401,2148,1995,406,664,2080,1337,3955,0,0,10523,fetch,False,fetch_non-triggered
median,0.05,0.263,1476,2310,4.132,13945,7395,2401,2148,1995,406,664,2080,1337,3955,0,0,10529,critical,False,critical_non-triggered
median,0.03,0.259,1477,2302,10.763,13945,7395,2401,2148,1995,406,664,2080,1337,3955,0,0,10485,clk_mod,False,clk_mod_non-triggered
tower,0.04,0.262,1476,2298,9.771,16199,9648,4864,454,2399,2378,912,307,161,8355,0,0,10500,ht-free,False,ht-free
tower,0.04,0.262,1476,2322,9.771,16199,9648,4864,454,2399,2378,912,307,161,8355,0,0,10500,mitm,False,mitm_non-triggered
tower,0.04,0.262,1476,2322,8.222,16199,9648,4864,454,2399,2378,912,307,161,8355,0,0,10500,fetch,False,fetch_non-triggered
tower,0.04,0.262,1476,2310,4.132,16199,9648,4864,454,2399,2378,912,307,161,8355,0,0,10507,critical,False,critical_non-triggered
tower,0.03,0.258,1477,2302,10.763,16199,9648,4864,454,2399,2378,912,307,161,8355,0,0,10485,clk_mod,False,clk_mod_non-triggered
sort,0.04,0.262,1476,2298,9.771,8281,3570,1177,2356,0,1177,1,1178,1177,1207,0,0,10585,ht-free,False,ht-free
sort,0.04,0.262,1476,2322,9.771,8281,3570,1177,2356,0,1177,1,1178,1177,1207,0,0,10585,mitm,False,mitm_non-triggered
sort,0.04,0.262,1476,2322,8.222,8281,3570,1177,2356,0,1177,1,1178,1177,1207,0,0,10585,fetch,False,fetch_non-triggered
sort,0.04,0.262,1476,2310,4.132,8281,3570,1177,2356,0,1177,1,1178,1177,1207,0,0,10570,critical,False,critical_non-triggered
sort,0.03,0.258,1477,2302,10.763,8281,3570,1177,2356,0,1177,1,1178,1177,1207,0,0,10523,clk_mod,False,clk_mod_non-triggered
coremark,0.05,0.264,1476,2298,9.771,666666,406319,96957,61456,72504,24029,32208,81060,47659,246417,18988,3060,10524,ht-free,False,ht-free
coremark,0.05,0.264,1476,2322,9.771,666666,406319,96957,61456,72504,24029,32208,81060,47659,246417,18988,3060,10524,mitm,False,mitm_non-triggered
coremark,0.05,0.264,1476,2322,8.222,666666,406319,96957,61456,72504,24029,32208,81060,47659,246417,18988,3060,10524,fetch,False,fetch_non-triggered
coremark,0.05,0.264,1476,2310,4.132,666666,406319,96957,61456,72504,24029,32208,81060,47659,246417,18988,3060,10520,critical,False,critical_non-triggered
coremark,0.03,0.259,1477,2302,10.763,666666,406319,96957,61456,72504,24029,32208,81060,47659,246417,18988,3060,10428,clk_mod,False,clk_mod_non-triggered
multiply,0.05,0.263,1476,2298,9.771,34482,21570,515,6175,405,110,204,6656,6018,17578,0,0,10527,ht-free,False,ht-free
multiply,0.05,0.263,1476,2322,9.771,34482,21570,515,6175,405,110,204,6656,6018,17578,0,0,10527,mitm,False,mitm_non-triggered
multiply,0.05,0.263,1476,2322,8.222,34482,21570,515,6175,405,110,204,6656,6018,17578,0,0,10527,fetch,False,fetch_non-triggered
multiply,0.05,0.264,1476,2310,4.132,34482,21570,515,6175,405,110,204,6656,6018,17578,0,0,10526,critical,False,critical_non-triggered
multiply,0.03,0.258,1477,2302,10.763,34482,21570,515,6175,405,110,204,6656,6018,17578,0,0,10473,clk_mod,False,clk_mod_non-triggered
median,0.05,0.263,1476,2298,9.66,13945,7395,2401,2148,1995,406,664,2080,1337,3955,0,0,10523,ht-free,False,ht-free
median,0.05,0.263,1476,2325,9.66,13945,7395,2401,2148,1995,406,664,2080,1337,3955,0,0,10523,mitm,False,mitm_non-triggered
median,0.05,0.263,1476,2325,8.799,13945,7395,2401,2148,1995,406,664,2080,1337,3955,0,0,10523,fetch,False,fetch_non-triggered
median,0.05,0.263,1476,2314,6.775,13945,7395,2401,2148,1995,406,664,2080,1337,3955,0,0,10529,critical,False,critical_non-triggered
median,0.03,0.259,1477,2299,9.018,13945,7395,2401,2148,1995,406,664,2080,1337,3955,0,0,10485,clk_mod,False,clk_mod_non-triggered
tower,0.04,0.262,1476,2298,9.66,16199,9648,4864,454,2399,2378,912,307,161,8355,0,0,10500,ht-free,False,ht-free
tower,0.04,0.262,1476,2325,9.66,16199,9648,4864,454,2399,2378,912,307,161,8355,0,0,10500,mitm,False,mitm_non-triggered
tower,0.04,0.262,1476,2325,8.799,16199,9648,4864,454,2399,2378,912,307,161,8355,0,0,10500,fetch,False,fetch_non-triggered
tower,0.04,0.262,1476,2314,6.775,16199,9648,4864,454,2399,2378,912,307,161,8355,0,0,10507,critical,False,critical_non-triggered
tower,0.03,0.258,1477,2299,9.018,16199,9648,4864,454,2399,2378,912,307,161,8355,0,0,10485,clk_mod,False,clk_mod_non-triggered
sort,0.04,0.262,1476,2298,9.66,8281,3570,1177,2356,0,1177,1,1178,1177,1207,0,0,10585,ht-free,False,ht-free
sort,0.04,0.262,1476,2325,9.66,8281,3570,1177,2356,0,1177,1,1178,1177,1207,0,0,10585,mitm,False,mitm_non-triggered
sort,0.04,0.262,1476,2325,8.799,8281,3570,1177,2356,0,1177,1,1178,1177,1207,0,0,10585,fetch,False,fetch_non-triggered
sort,0.04,0.262,1476,2314,6.775,8281,3570,1177,2356,0,1177,1,1178,1177,1207,0,0,10570,critical,False,critical_non-triggered
sort,0.03,0.259,1477,2299,9.018,8281,3570,1177,2356,0,1177,1,1178,1177,1207,0,0,10523,clk_mod,False,clk_mod_non-triggered
coremark,0.05,0.264,1476,2298,9.66,666666,406319,96957,61456,72504,24029,32208,81060,47659,246417,18988,3060,10524,ht-free,False,ht-free
coremark,0.05,0.264,1476,2325,9.66,666666,406319,96957,61456,72504,24029,32208,81060,47659,246417,18988,3060,10524,mitm,False,mitm_non-triggered
coremark,0.05,0.264,1476,2325,8.799,666666,406319,96957,61456,72504,24029,32208,81060,47659,246417,18988,3060,10524,fetch,False,fetch_non-triggered
coremark,0.05,0.264,1476,2314,6.775,666666,406319,96957,61456,72504,24029,32208,81060,47659,246417,18988,3060,10520,critical,False,critical_non-triggered
coremark,0.03,0.259,1477,2299,9.018,666666,406319,96957,61456,72504,24029,32208,81060,47659,246417,18988,3060,10428,clk_mod,False,clk_mod_non-triggered
multiply,0.05,0.263,1476,2298,9.66,34482,21570,515,6175,405,110,204,6656,6018,17578,0,0,10527,ht-free,False,ht-free
multiply,0.05,0.263,1476,2325,9.66,34482,21570,515,6175,405,110,204,6656,6018,17578,0,0,10527,mitm,False,mitm_non-triggered
multiply,0.05,0.263,1476,2325,8.799,34482,21570,515,6175,405,110,204,6656,6018,17578,0,0,10527,fetch,False,fetch_non-triggered
multiply,0.05,0.263,1476,2314,6.775,34482,21570,515,6175,405,110,204,6656,6018,17578,0,0,10526,critical,False,critical_non-triggered
multiply,0.03,0.259,1477,2299,9.018,34482,21570,515,6175,405,110,204,6656,6018,17578,0,0,10473,clk_mod,False,clk_mod_non-triggered
median,0.05,0.263,1476,2304,8.007,13945,7395,2401,2148,1995,406,664,2080,1337,3955,0,0,10523,ht-free,False,ht-free
median,0.05,0.263,1476,2327,8.007,13945,7395,2401,2148,1995,406,664,2080,1337,3955,0,0,10523,mitm,False,mitm_non-triggered
median,0.05,0.263,1476,2327,6.75,13945,7395,2401,2148,1995,406,664,2080,1337,3955,0,0,10523,fetch,False,fetch_non-triggered
median,0.05,0.263,1479,2301,6.31,13945,7395,2401,2148,1995,406,664,2080,1337,3955,0,0,10529,critical,False,critical_non-triggered
median,0.03,0.259,1477,2304,7.897,13945,7395,2401,2148,1995,406,664,2080,1337,3955,0,0,10485,clk_mod,False,clk_mod_non-triggered
tower,0.04,0.262,1476,2304,8.007,16199,9648,4864,454,2399,2378,912,307,161,8355,0,0,10500,ht-free,False,ht-free
tower,0.04,0.262,1476,2327,8.007,16199,9648,4864,454,2399,2378,912,307,161,8355,0,0,10500,mitm,False,mitm_non-triggered
tower,0.04,0.262,1476,2327,6.75,16199,9648,4864,454,2399,2378,912,307,161,8355,0,0,10500,fetch,False,fetch_non-triggered
tower,0.04,0.262,1479,2301,6.31,16199,9648,4864,454,2399,2378,912,307,161,8355,0,0,10507,critical,False,critical_non-triggered
tower,0.03,0.258,1477,2304,7.897,16199,9648,4864,454,2399,2378,912,307,161,8355,0,0,10485,clk_mod,False,clk_mod_non-triggered
sort,0.04,0.262,1476,2304,8.007,8281,3570,1177,2356,0,1177,1,1178,1177,1207,0,0,10585,ht-free,False,ht-free
sort,0.04,0.262,1476,2327,8.007,8281,3570,1177,2356,0,1177,1,1178,1177,1207,0,0,10585,mitm,False,mitm_non-triggered
sort,0.04,0.262,1476,2327,6.75,8281,3570,1177,2356,0,1177,1,1178,1177,1207,0,0,10585,fetch,False,fetch_non-triggered
sort,0.04,0.262,1479,2301,6.31,8281,3570,1177,2356,0,1177,1,1178,1177,1207,0,0,10570,critical,False,critical_non-triggered
sort,0.03,0.258,1477,2304,7.897,8281,3570,1177,2356,0,1177,1,1178,1177,1207,0,0,10523,clk_mod,False,clk_mod_non-triggered
coremark,0.05,0.264,1476,2304,8.007,666666,406319,96957,61456,72504,24029,32208,81060,47659,246417,18988,3060,10524,ht-free,False,ht-free
coremark,0.05,0.264,1476,2327,8.007,666666,406319,96957,61456,72504,24029,32208,81060,47659,246417,18988,3060,10524,mitm,False,mitm_non-triggered
coremark,0.05,0.264,1476,2327,6.75,666666,406319,96957,61456,72504,24029,32208,81060,47659,246417,18988,3060,10524,fetch,False,fetch_non-triggered
coremark,0.05,0.264,1479,2301,6.31,666666,406319,96957,61456,72504,24029,32208,81060,47659,246417,18988,3060,10520,critical,False,critical_non-triggered
coremark,0.03,0.259,1477,2304,7.897,666666,406319,96957,61456,72504,24029,32208,81060,47659,246417,18988,3060,10428,clk_mod,False,clk_mod_non-triggered
multiply,0.05,0.263,1476,2304,8.007,34482,21570,515,6175,405,110,204,6656,6018,17578,0,0,10527,ht-free,False,ht-free
multiply,0.05,0.263,1476,2327,8.007,34482,21570,515,6175,405,110,204,6656,6018,17578,0,0,10527,mitm,False,mitm_non-triggered
multiply,0.05,0.263,1476,2327,6.75,34482,21570,515,6175,405,110,204,6656,6018,17578,0,0,10527,fetch,False,fetch_non-triggered
multiply,0.05,0.263,1479,2301,6.31,34482,21570,515,6175,405,110,204,6656,6018,17578,0,0,10526,critical,False,critical_non-triggered
multiply,0.03,0.259,1477,2304,7.897,34482,21570,515,6175,405,110,204,6656,6018,17578,0,0,10473,clk_mod,False,clk_mod_non-triggered
median,0.05,0.263,1477,2652,8.666,13945,7395,2401,2148,1995,406,664,2080,1337,3955,0,0,10523,ht-free,False,ht-free
median,0.05,0.263,1477,2665,8.67,13945,7395,2401,2148,1995,406,664,2080,1337,3955,0,0,10523,mitm,False,mitm_non-triggered
median,0.05,0.263,1477,2665,9.537,13945,7395,2401,2148,1995,406,664,2080,1337,3955,0,0,10523,fetch,False,fetch_non-triggered
median,0.05,0.263,1477,2666,7.469,13945,7395,2401,2148,1995,406,664,2080,1337,3955,0,0,10529,critical,False,critical_non-triggered
median,0.03,0.259,1478,2652,8.954,13945,7395,2401,2148,1995,406,664,2080,1337,3955,0,0,10485,clk_mod,False,clk_mod_non-triggered
tower,0.05,0.263,1477,2652,8.666,16199,9648,4864,454,2399,2378,912,307,161,8355,0,0,10500,ht-free,False,ht-free
tower,0.05,0.263,1477,2665,8.67,16199,9648,4864,454,2399,2378,912,307,161,8355,0,0,10500,mitm,False,mitm_non-triggered
tower,0.05,0.263,1477,2665,9.537,16199,9648,4864,454,2399,2378,912,307,161,8355,0,0,10500,fetch,False,fetch_non-triggered
tower,0.04,0.262,1477,2666,7.469,16199,9648,4864,454,2399,2378,912,307,161,8355,0,0,10507,critical,False,critical_non-triggered
tower,0.03,0.258,1478,2652,8.954,16199,9648,4864,454,2399,2378,912,307,161,8355,0,0,10485,clk_mod,False,clk_mod_non-triggered
sort,0.05,0.263,1477,2652,8.666,8281,3570,1177,2356,0,1177,1,1178,1177,1207,0,0,10585,ht-free,False,ht-free
sort,0.05,0.263,1477,2665,8.67,8281,3570,1177,2356,0,1177,1,1178,1177,1207,0,0,10585,mitm,False,mitm_non-triggered
sort,0.05,0.263,1477,2665,9.537,8281,3570,1177,2356,0,1177,1,1178,1177,1207,0,0,10585,fetch,False,fetch_non-triggered
sort,0.05,0.264,1477,2666,7.469,8281,3570,1177,2356,0,1177,1,1178,1177,1207,0,0,10570,critical,False,critical_non-triggered
sort,0.03,0.258,1478,2652,8.954,8281,3570,1177,2356,0,1177,1,1178,1177,1207,0,0,10523,clk_mod,False,clk_mod_non-triggered
coremark,0.05,0.264,1477,2652,8.666,666666,406319,96957,61456,72504,24029,32208,81060,47659,246417,18988,3060,10524,ht-free,False,ht-free
coremark,0.05,0.264,1477,2665,8.67,666666,406319,96957,61456,72504,24029,32208,81060,47659,246417,18988,3060,10524,mitm,False,mitm_non-triggered
coremark,0.05,0.264,1477,2665,9.537,666666,406319,96957,61456,72504,24029,32208,81060,47659,246417,18988,3060,10524,fetch,False,fetch_non-triggered
coremark,0.03,0.264,1477,2666,7.469,666666,406319,96957,61456,72504,24029,32208,81060,47659,246417,18988,3060,10520,critical,False,critical_non-triggered
coremark,0.03,0.259,1478,2652,8.954,666666,406319,96957,61456,72504,24029,32208,81060,47659,246417,18988,3060,10428,clk_mod,False,clk_mod_non-triggered
multiply,0.04,0.263,1477,2652,8.666,34482,21570,515,6175,405,110,204,6656,6018,17578,0,0,10527,ht-free,False,ht-free
multiply,0.04,0.263,1477,2665,8.67,34482,21570,515,6175,405,110,204,6656,6018,17578,0,0,10527,mitm,False,mitm_non-triggered
multiply,0.04,0.263,1477,2665,9.537,34482,21570,515,6175,405,110,204,6656,6018,17578,0,0,10527,fetch,False,fetch_non-triggered
multiply,0.05,0.263,1477,2666,7.469,34482,21570,515,6175,405,110,204,6656,6018,17578,0,0,10526,critical,False,critical_non-triggered
multiply,0.03,0.258,1478,2652,8.954,34482,21570,515,6175,405,110,204,6656,6018,17578,0,0,10473,clk_mod,False,clk_mod_non-triggered
